{"cameraMode":{"drawMode":0,"name":"Shaded","section":"Shading Mode"},"sceneLighting":true,"audioPlay":false,"sceneViewState":{"m_AlwaysRefresh":false,"showFog":true,"showSkybox":true,"showFlares":true,"showImageEffects":true,"showParticleSystems":true,"showVisualEffectGraphs":true,"m_FxEnabled":true},"in2DMode":false,"pivot":{"x":5.420366287231445,"y":2.2098593711853029,"z":16.298145294189454},"rotation":{"x":-0.019025927409529687,"y":-0.7965363264083862,"z":0.025098666548728944,"w":-0.6037755608558655},"size":3.0672223567962648,"orthographic":false}