{"cameraMode":{"drawMode":0,"name":"Shaded","section":"Shading Mode"},"sceneLighting":true,"audioPlay":false,"sceneViewState":{"m_AlwaysRefresh":false,"showFog":true,"showSkybox":true,"showFlares":true,"showImageEffects":true,"showParticleSystems":true,"showVisualEffectGraphs":true,"m_FxEnabled":true},"in2DMode":false,"pivot":{"x":3.909339189529419,"y":0.7211618423461914,"z":-1.396371603012085},"rotation":{"x":0.13026133179664613,"y":0.6262837648391724,"z":-0.10718559473752976,"w":0.761144757270813},"size":0.32395482063293459,"orthographic":false}