{"cameraMode":{"drawMode":0,"name":"Shaded","section":"Shading Mode"},"sceneLighting":true,"audioPlay":false,"sceneViewState":{"m_AlwaysRefresh":false,"showFog":true,"showSkybox":true,"showFlares":true,"showImageEffects":true,"showParticleSystems":true,"showVisualEffectGraphs":true,"m_FxEnabled":true},"in2DMode":false,"pivot":{"x":-0.021680112928152086,"y":-0.1203688383102417,"z":0.0904591828584671},"rotation":{"x":0.48387986421585085,"y":-0.1316048800945282,"z":0.07387467473745346,"w":0.8620256185531616},"size":0.16325673460960389,"orthographic":false}