{"cameraMode":{"drawMode":0,"name":"Shaded","section":"Shading Mode"},"sceneLighting":true,"audioPlay":false,"sceneViewState":{"m_AlwaysRefresh":false,"showFog":true,"showSkybox":true,"showFlares":true,"showImageEffects":true,"showParticleSystems":true,"showVisualEffectGraphs":true,"m_FxEnabled":true},"in2DMode":false,"pivot":{"x":-0.44389235973358157,"y":1.3109581470489503,"z":0.05600711703300476},"rotation":{"x":-0.09612879902124405,"y":0.6951582431793213,"z":-0.09463945776224137,"w":-0.70609050989151},"size":0.7207637429237366,"orthographic":false}