{"cameraMode":{"drawMode":0,"name":"Shaded","section":"Shading Mode"},"sceneLighting":true,"audioPlay":false,"sceneViewState":{"m_AlwaysRefresh":false,"showFog":true,"showSkybox":true,"showFlares":true,"showImageEffects":true,"showParticleSystems":true,"showVisualEffectGraphs":true,"m_FxEnabled":true},"in2DMode":false,"pivot":{"x":-0.41497117280960085,"y":1.0798561573028565,"z":-3.3947877883911135},"rotation":{"x":-0.0008961300482042134,"y":-0.9428852200508118,"z":-0.0025370013900101187,"w":0.33311694860458376},"size":0.21758639812469483,"orthographic":false}