{"cameraMode":{"drawMode":0,"name":"Shaded","section":"Shading Mode"},"sceneLighting":true,"audioPlay":false,"sceneViewState":{"m_AlwaysRefresh":false,"showFog":true,"showSkybox":true,"showFlares":true,"showImageEffects":true,"showParticleSystems":true,"showVisualEffectGraphs":true,"m_FxEnabled":true},"in2DMode":false,"pivot":{"x":-0.4640243947505951,"y":1.0188181400299073,"z":-3.343409299850464},"rotation":{"x":0.06722303479909897,"y":-0.9320987462997437,"z":0.2325507402420044,"w":0.2694402039051056},"size":0.14845818281173707,"orthographic":false}