{"cameraMode":{"drawMode":0,"name":"Shaded","section":"Shading Mode"},"sceneLighting":false,"audioPlay":false,"sceneViewState":{"m_AlwaysRefresh":false,"showFog":true,"showSkybox":false,"showFlares":true,"showImageEffects":true,"showParticleSystems":true,"showVisualEffectGraphs":true,"m_FxEnabled":true},"in2DMode":false,"pivot":{"x":-0.1501321643590927,"y":-0.1195371001958847,"z":0.0227481871843338},"rotation":{"x":-0.06571286916732788,"y":0.9179719686508179,"z":-0.1716083139181137,"w":-0.35151293873786929},"size":0.25091201066970827,"orthographic":false}